Automation Title,Primary Benefit Focus,Benefit Description,Tags
Sync Facebook Leads to Google Sheets/CRM,"Save Time,Sales",Eliminates manual data entry ensures faster lead access for sales team.,"Sales & CRM,Facebook,Data"
Automated Email Follow-up to New Leads,Sales,Increases engagement with immediate response speeds up conversion process.,"Sales & CRM,Email,Marketing"
CRM Data Enrichment,"Sales,Save Time",Provides reps with more context for personalized outreach reduces manual research.,"Sales & CRM,Data"
New Contact Creation & Task Assignment from Booking,"Save Time,Sales",Automates CRM admin for new demos/bookings ensures timely follow-up actions.,"Sales & CRM,Operations"
Automated Customer Interaction Logging,"Save Time,Sales",Reduces manual logging of calls/emails provides complete customer history in CRM.,"Sales & CRM,Data,AI"
Automated Sales Reporting & Analysis,"Sales,Save Time",Aggregates data (Stripe CRM) for insights automates report generation.,"Sales & CRM,Data,Reporting"
Appointment/Demo Scheduling Automation,"Save Time,Sales",Reduces scheduling friction sends links (e.g. Calendly) accelerates sales cycle.,"Sales & CRM,Operations"
AI Sales Chatbots (WhatsApp/Telegram),"Sales,Save Time",Provides instant 24/7 responses qualifies leads answers product questions via AI.,"Sales & CRM,AI"
AI Bot-to-Human Handoff for Sales,"Sales,Save Time",Ensures complex queries are seamlessly transferred to human agents for resolution.,"Sales & CRM,AI"
Subscription/Membership Tracking,"Sales,Save Time",Monitors customer subscription status triggers retention or follow-up actions.,"Sales & CRM,Data"
Automated Cold Outreach & Personalization,"Sales,Save Time",Scales personalized cold email campaigns automates sending sequences. (Use ethically),"Sales & CRM,Email,Marketing,AI"
Sync Payments/Orders to Customer Records,"Save Time,Sales",Links Stripe/Gumroad/WooCommerce data to CRM for a full customer financial view.,"Sales & CRM,E-commerce,Data"
Generate Customer Insights from Reviews,Sales,Uses AI to analyze grouped customer reviews providing actionable insights.,"Sales & CRM,AI,Data"
Qualify Leads & Send Hyper-Personalized Emails,"Sales,Save Time",AI-powered workflow identifies qualified leads and crafts highly personalized emails.,"Sales & CRM,AI,Email,Marketing,Workflow"
Automate Cold Call Note-Taking & CRM Entry,Save Time,Eliminates manual note-taking and CRM updates after cold calls.,"Sales & CRM,Operations"
Move Leads Along Sales Pipeline Automatically,"Save Time,Sales",Updates lead status and triggers actions based on defined pipeline stages.,"Sales & CRM,Operations,Workflow"
Automated Social Media Posting/Scheduling,"Save Time,Sales",Saves time posting manually across platforms (LinkedIn Twitter FB Bluesky) ensures consistency.,"Marketing,Social,Content"
AI-Powered Content Generation (Blog Social Media),"Save Time,Cost Savings",Speeds up draft creation using AI (GPT Gemini) reduces reliance on writers for initial content.,"Marketing,Content,AI"
Content Repurposing (Article to Social Video to Text),"Save Time,Cost Savings",Maximizes content value by transforming formats (Reddit->Video TikTok->LinkedIn) reduces redundancy.,"Marketing,Content,Social,Video"
AI-Powered Short-Form Video Generation,"Save Time,Cost Savings",Automates creation of TikToks/Reels/Shorts using AI for script visuals voiceover.,"Marketing,Content,Video,AI"
Automated Newsletter Curation & Sending,"Save Time,Sales",Aggregates/summarizes content (AI) sends newsletters automatically engages audience.,"Marketing,Content,Email,AI"
Ad Campaign Performance Tracking,"Save Time,Sales",Automates data collection from Google/Facebook Ads into reports enables faster optimization.,"Marketing,Data,Reporting"
SEO Content Optimization Workflow,"Sales,Save Time",Uses AI research (Perplexity) to generate SEO-optimized content/outlines for CMS (WordPress).,"Marketing,Content,AI,WordPress"
Add New Subscribers to Email Marketing Platform,"Save Time,Sales",Adds contacts from forms (CF7 Google Forms) to lists (Mailchimp) automatically.,"Marketing,Email,Data"
Social Media Engagement Tracking/Response,"Sales,Save Time",Monitors mentions/keywords triggers notifications or auto-responses filters noise.,"Marketing,Social,Operations,Notifications"
Event Registrant Management to CRM,"Sales,Save Time",Captures event attendees adds as CRM leads optionally sends welcome emails.,"Sales & CRM,Marketing,Data"
Brand Mention Monitoring (Reddit Web),"Sales,Save Time",Tracks brand/keyword mentions using Google Alerts/other tools for insights & reputation management.,"Marketing,Social,Operations"
Multi-Platform Content Publishing Factory,"Save Time,Cost Savings",Manages complex content creation approval distribution across channels from a central system.,"Marketing,Content,Social,Workflow"
Generate SEO Keywords from Input,Save Time,Uses ChatGPT to generate relevant SEO keywords based on input from Google Sheets.,"Marketing,AI,Content,Sheets"
Save Facebook Posts to Google Sheets,Save Time,Archives Facebook page posts to a spreadsheet for easy tracking and reference (e.g. annual posts).,"Social,Facebook,Data,Sheets"
Autopost Tweets to a Facebook Page,Save Time,Automatically shares new Tweets onto a designated Facebook Page.,"Social,Facebook,Automation"
Automate Blog Content Creation (Notion to WordPress),Save Time,Manages blog creation pipeline from Notion using AI (DeepSeek) for content posts to WordPress.,"Marketing,Content,AI,WordPress"
Drip Campaign Automation,Sales,Sends a series of automated emails to specific audience segments over time.,"Marketing,Email,Automation"
Automate E-commerce Content Creation (Multi-Language),"Save Time,Cost Savings",Generates e-commerce product descriptions or marketing content in multiple languages.,"E-commerce,Content,AI"
Email Filtering Categorization & Summarization,Save Time,Reduces inbox clutter using filters/AI categorizes/summarizes emails surfaces important info.,"Operations,Email,AI"
Email Data Extraction to Spreadsheets/Databases,Save Time,Captures data (sender subject content) from emails and adds to Sheets Notion Airtable.,"Operations,Email,Data,Sheets,Airtable"
Automated Email Responses/Drafting,Save Time,Handles routine email inquiries automatically or uses AI to draft replies for review.,"Operations,Email,AI"
Automated Task Creation & Assignment,Save Time,Creates tasks (Asana Trello Todoist) from emails forms CRM updates ensuring capture & assignment.,"Operations,Workflow"
Meeting Summarization & Action Item Extraction,Save Time,Transcribes Zoom/other meetings uses AI for summaries/action items posts to Slack/task managers.,"Operations,AI,Video,Meetings,Collaboration"
Automated Document Management (Save Attachments),Save Time,Saves email attachments automatically to specific cloud storage folders (Drive Dropbox OneDrive).,"Operations,Email,Data"
Internal Notifications (Slack Discord Telegram),Save Time,Sends automated updates (new sales tickets tasks) to relevant channels/users for timely info.,"Operations,Notifications,Collaboration"
Automated Calendar Event Management,Save Time,Adds events to calendars based on project milestones deadlines or bookings keeps schedules synced.,"Operations,Calendar"
Voice Memo Transcription & Processing,Save Time,Transcribes voice notes via AI (Whisper) summarizes/labels saves to notes/task apps efficiently.,"Operations,AI"
Personalized Daily Digests/Briefings,Save Time,Aggregates personal info (calendar tasks news summaries) into a focused daily overview.,"Operations,Content,Calendar"
Website Screenshot Capture,Save Time,Takes screenshots of websites listed in a sheet saves to cloud storage for documentation/monitoring.,"Operations,Automation"
Cross-Platform File Syncing (e.g. Drive to Dropbox),Save Time,Keeps files consistent across different cloud storage services automatically.,"Operations,Data"
Forward Specific Emails to Another Address,Save Time,Automatically forwards emails containing specific keywords or criteria to a designated address.,"Operations,Email,Automation"
Add Gmail 'Client' Label Based on Spreadsheet,Save Time,Checks incoming Gmail against a Google Sheet list and applies a 'client' label if matched.,"Operations,Email,Sheets"
Get Email Notification for New Google Form Submission,Save Time,Sends an email notification to specified recipients whenever a Google Form is submitted.,"Operations,Email,Notifications"
Upload New Dropbox Files to Slack,Save Time,Automatically uploads files added to a specific Dropbox folder to a designated Slack channel/user.,"Operations,Collaboration"
Save Evernote Notes to OneDrive,Save Time,Automatically saves notes created in Evernote as files within a specified OneDrive folder.,"Operations,Data"
Save Telegram Photos/Files to OneDrive,Save Time,Saves photos or files posted in a Telegram channel directly to a OneDrive folder.,"Operations,Social,Data"
Auto Upload Email Attachments to FTP Server,Save Time,Automatically extracts attachments from emails and uploads them to an FTP/SFTP server.,"Operations,Email,Data"
Update Dashboard for Backup Task Status,Save Time,Reads emails or logs to update a dashboard indicating success/failure of backup jobs.,"Operations,IT,Reporting"
Manage Rental Unit Rent Payment Tracking,"Save Time,Cost Savings",Watches inbox for rent payments updates Airtable database generates report of non-payers.,"Operations,Finance,Airtable,Reporting"
Automate Repetitive Website Actions,Save Time,Logs into websites performs routine tasks (requires careful handling of anti-bot measures).,"Operations,Automation"
Cross-Application Data Synchronization,"Save Time,Cost Savings",Keeps data consistent between apps (CRM & internal DB Sheets & accounting) reduces manual sync/errors.,"Data,Integration"
Database Integration (SQL NoSQL),Save Time,Connects workflows to databases (Postgres MySQL Mongo) for read/write/update operations.,"Data,Integration"
Spreadsheet Updates from Forms/Emails/Apps,Save Time,Populates/updates Google Sheets/Excel rows with data from forms emails CRM events automatically.,"Data,Sheets,Automation"
Automated Data Backup & Archiving,"Cost Savings,Save Time",Backs up app/database data to cloud storage automates backup process prevents data loss.,"Data,IT"
Automated Report Generation,"Save Time,Sales,Cost Savings",Aggregates data processes it generates reports (sheets docs BI tools) provides timely insights.,"Data,Reporting"
Data Transformation & Parsing (JSON XML CSV),Save Time,Extracts cleans and transforms data from various formats automatically within workflows.,"Data,Automation"
File Aggregation from Folders (e.g. Google Drive),Save Time,Retrieves multiple files (e.g. GDocs) from a folder extracts content for bulk processing.,"Data,Automation"
Webhook Data Handling,Save Time,Triggers workflows from external service webhooks for real-time data integration.,"Data,API,Integration"
Data Migration Between Systems,"Save Time,Cost Savings",Facilitates automated data transfer during platform migrations reducing manual effort.,"Data,Integration"
Custom API Data Retrieval and Processing,Save Time,Makes API calls to any service retrieves/processes data integrates into workflows.,"Data,API"
Sync Data Between Google Sheets and Accounting Software,"Save Time,Cost Savings",Ensures financial data recorded in Sheets is reflected accurately in accounting systems.,"Data,Finance,Sheets"
Aggregate Files from Google Drive to Dictionary,Save Time,Retrieves Google Docs from a folder extracts content stores in a key-value dictionary structure.,"Data,Automation"
Process Large XML Feeds for E-commerce Import,"Save Time,E-commerce",Collects/combines large XML product feeds processes prepares for import into WooCommerce (WP All Import).,"Data,E-commerce,WordPress"
Store Data with Make's Data Stores,Save Time,Utilizes Make's built-in data storage capabilities for intermediate data or simple databases.,"Data,Storage"
IT Service Desk Ticket Management,"Save Time,Cost Savings",Automates creation routing updates notifications for IT support tickets via email/forms/chat.,"IT,Notifications,Workflow"
Employee Onboarding/Offboarding Automation,"Save Time,Cost Savings",Streamlines account provisioning (HRIS Okta) tasks documents hardware requests/returns for hires/leavers.,"HR,IT,Workflow"
Automated User Provisioning/Account Setup,Save Time,Creates user accounts in various systems automatically when new employee added to HR system.,"HR,IT,Automation"
Automated Invoice Processing,"Save Time,Cost Savings",Extracts invoice data validates routes for approval initiates payment reduces errors/late fees.,"Finance,Invoicing,Workflow"
Expense Report Processing & Reimbursement,"Save Time,Cost Savings",Automates submission approval routing reimbursement for employee expenses improves compliance.,"Finance,Workflow"
Time-Off Request Approval Workflow,Save Time,Manages leave requests via forms routes for approval updates HR systems/calendars.,"HR,Workflow"
Payroll Approval & Processing Steps,"Save Time,Cost Savings",Automates parts of payroll cycle like timesheet approvals and triggering runs ensures accuracy.,"Finance,HR,Workflow"
Financial Transaction Monitoring & Categorization,Save Time,Monitors bank/payment feeds (Wise Stripe) parses categorizes transactions updates accounting/DBs.,"Finance,Data,Automation"
IT Asset Management (Hardware Tracking),"Cost Savings,Save Time",Tracks hardware distribution/return during onboarding/offboarding via forms prevents asset loss.,"IT,Automation"
System Monitoring & Alerting,"Save Time,Cost Savings",Monitors system health (Uptime Kuma Prometheus) sends alerts on issues/logs reduces downtime.,"IT,Notifications"
Compliance & Audit Trail Management,"Cost Savings,Save Time",Automates compliance checks generates audit logs manages policy exceptions reduces risk.,"Finance,IT,Reporting"
Automated Interview Scheduling,Save Time,Sends scheduling links generates meeting invites (Zoom) coordinates interviewers based on ATS status.,"HR,Meetings,Calendar"
Enrich Security Incident Tickets,"Save Time,Cost Savings",Automatically gathers context or threat intelligence related to security tickets to speed up resolution.,"IT,Security,Automation"
Backup Server Configurations,"Cost Savings,Save Time",Automatically backs up configuration files of various servers or network devices via API calls.,"IT,Automation"
Automated Document Collection (Paperless-ngx),Save Time,Collects documents (bills receipts) from emails/messages archives in Paperless-ngx.,"Finance,Operations,Data"
Sync Documents to Bookkeeping (Firefly III),"Save Time,Cost Savings",Sends specific bills/receipts/transactions from document archive (Paperless-ngx) to Firefly III.,"Finance,Data,Integration"
CapEx Approval Requests,"Save Time,Cost Savings",Automates the workflow for requesting and approving capital expenditures.,"Finance,Workflow"
Loan Processing Automation,"Save Time,Cost Savings",Automates steps in loan application review data validation document collection and approval/denial.,"Finance,Workflow,Automation"
Credit Card Application Review,"Save Time,Cost Savings",Applies automated rules for initial review and approval of credit card applications.,"Finance,Automation"
Know Your Customer (KYC) Automation,"Save Time,Cost Savings",Automates parts of the KYC process such as document verification and data checks for compliance.,"Finance,Compliance,Automation"
Employee Status Change Updates,Save Time,Automatically updates systems and notifies relevant parties when employee status changes (promotion exit).,"HR,IT,Notifications"
E-commerce Order Syncing (Shopify/WooCommerce),"Save Time,Cost Savings",Sends order details automatically to CRM accounting fulfillment systems reducing manual entry/errors.,"E-commerce,Data,Integration"
Inventory Management & Synchronization,"Sales,Save Time",Updates stock levels across platforms removes out-of-stock items prevents overselling.,"E-commerce,Data,Automation"
Automated Invoice Generation & Sending,"Save Time,Sales",Creates and emails invoices automatically upon order completion/payment professionalizes billing.,"E-commerce,Finance,Email,Invoicing"
Automated Customer Notifications (Shipping etc.),"Sales,Save Time",Sends order confirmations shipping updates tracking info via email/SMS improves CX reduces queries.,"E-commerce,Email,Notifications,SMS"
Abandoned Cart Reminders,Sales,Sends automated emails/messages to customers who left items in cart recovers lost sales.,"E-commerce,Email,Marketing"
AI Post-Sales Chatbots (Order Status Returns),"Save Time,Cost Savings",Provides automated support for common post-purchase queries using AI integrated with order data.,"E-commerce,AI,Customer Service"
Loyalty Program Automation,Sales,Applies rewards or sends discount codes automatically based on purchase history/value.,"E-commerce,Marketing,Automation"
Automated Product Catalog Updates,Save Time,Updates product listings on e-commerce platforms based on changes in a central DB/spreadsheet.,"E-commerce,Data,Automation"
Sync E-commerce Sales Data for Analysis,"Sales,Save Time",Pushes sales data from platforms to databases/analytics tools for reporting and growth insights.,"E-commerce,Data,Reporting,Analytics"
Return Processing Automation,"Save Time,Sales",Initiates return workflows updates inventory manages customer communication for product returns.,"E-commerce,Workflow,Customer Service"
Update Customer Orders with Shipping Progress,"Save Time,Sales",Interfaces with tools like ChangeDetection.io to automatically update orders with shipping status.,"E-commerce,Customer Service,Automation"
Sync Gumroad Sales & Customer Data,Save Time,Logs Gumroad sales notifies via Telegram sends thank-you emails tracks customer data.,"E-commerce,Data,Notifications"
Sync Stripe Payment & Customer/Product Data,Save Time,Triggers on successful Stripe payment retrieves customer and product details automatically.,"E-commerce,Data,Payment Processing"
